create_date,name,sex,review,rate,market
2026-06-21,Ольга,женский,Достоинства:Всегда беру эту фирму,5.0,Wildberries
2026-06-21,Алина,женский,Достоинства:Все отлично,5.0,Wildberries
2026-06-21,Алевтина,женский,,5.0,Wildberries
2026-06-21,Сальмахан,мужской,"Достоинства:Гель густой,хорошо пенится",1.0,Wildberries
2026-06-20,Наталья,женский,"Достоинства:Беру второй раз, очень давольна. Густой, хорошо пенеться. Спасибо большое за качественный товар. Продавца рекомендую.",5.0,Wildberries
2026-06-20,Леонова,женский,,5.0,Wildberries
2026-06-20,Покупатель,мужской,Достоинства:❤️,5.0,Wildberries
2026-06-20,Елена,женский,,5.0,Wildberries
2026-06-20,Гульнара,женский,"Достоинства:Гель хорошо мылится , чисто моет посуду, без запаха",5.0,Wildberries
2026-06-20,Наталия,женский,,5.0,Wildberries
2026-06-20,Елена,женский,"Достоинства:Всегда пользуюсь, очень нравится, рекомендую !",5.0,Wildberries
2026-06-20,Покупатель,мужской,,5.0,Wildberries
2026-06-20,Светлана,женский,,5.0,Wildberries
2026-06-20,Елена,женский,,5.0,Wildberries
2026-06-20,Светлана,женский,"Достоинства:Отлично отмывает посуду, а самое главное не сушит кожу рук",5.0,Wildberries
2026-06-20,Наталья,женский,Достоинства:Очень подходит для рук,5.0,Wildberries
2026-06-20,Покупатель,мужской,,5.0,Wildberries
2026-06-20,Покупатель,мужской,Достоинства:Хорошо пенится и надолго хватает!,5.0,Wildberries
2026-06-20,Покупатель,мужской,,5.0,Wildberries
2026-06-20,Юлия,женский,"Достоинства:Люблю средства для мытья посуды от этого производителя. Удобная, экономичная упаковка и цена не дорогая.",5.0,Wildberries
2026-06-20,Алла,женский,"Достоинства:Товар хорошо упакован, гель густой, приятно пахнет, хватает надолго!",5.0,Wildberries
2026-06-20,Мария,женский,Достоинства:Объем,5.0,Wildberries
2026-06-19,Евгения,женский,,5.0,Wildberries
2026-06-19,Людмила,женский,Достоинства:Не сушит руки. Хорошее средство.,5.0,Wildberries
2026-06-19,Катерина,женский,"Достоинства:Хороший гель! Прекрасно пенится, хватает надолго",5.0,Wildberries
2026-06-19,Ольга,женский,"Пользуюсь много лет и стараюсь не изменять. Не оставляет запах, а то самое главное для меня.",5.0,Wildberries
2026-06-19,Вероника,женский,Достоинства:Отличный гель для посуды,5.0,Wildberries
2026-06-19,Ирина,женский,"Густой гель бальзам, смывает жир не плохо",5.0,Wildberries
2026-06-19,Марина,женский,"Достоинства:Беру уже не в первый раз,хватает надолго",5.0,Wildberries
2026-06-19,Просто,мужской,,5.0,Wildberries
2026-06-19,Ирина,женский,"Покупаю периодически гель-бальзам. Расход по стирке большой. И квартира, и дача. Впервые купила синергетик с базиликом и мятой. Средство для стирки и экологичное, и душистое. Спасибо!",5.0,Wildberries
2026-06-19,Антонина,женский,,5.0,Wildberries
2026-06-19,Татьяна,женский,,5.0,Wildberries
2026-06-19,Ольга,женский,Достоинства:Все отлично отмывает,5.0,Wildberries
2026-06-19,Елена,женский,"Достоинства:Всегда заказываю этой фирмы гель. Надолго хватает, маленький расход и осень хорошо смывается .",5.0,Wildberries
2026-06-19,Елена,женский,,5.0,Wildberries
2026-06-19,Анна,женский,"Недостатки:Плохо пенится и не смывает жир вообще. Раньше был просто гель, он мыл лучше",1.0,Wildberries
2026-06-19,Юрий,мужской,,5.0,Wildberries
2026-06-19,Дарья,женский,,4.0,Wildberries
2026-06-19,Татьяна,женский,"😆Решила заказать в большом объёме именно этот товар по рекомендации подруги!!! Текстура, аромат и эффект отличный!!! Спасибо.",5.0,Wildberries
2026-06-18,Сергей,мужской,Достоинства:Давно берем,5.0,Wildberries
2026-06-18,Карина,женский,"Беру не в первый раз. Аромат есть, но тихий. Лично я не люблю когда сильно пахнет. Отмывает 100%. Используем и как мыло для рук. Кожу не сушит, смывается полностью, не остается пленкой на поверхности.",5.0,Wildberries
2026-06-18,Екатерина,женский,"Достоинства:Запаха нет, пенится хорошо.",5.0,Wildberries
2026-06-18,Катерина,женский,Достоинства:Доставили целым. Скоро проверим,4.0,Wildberries
2026-06-18,Евгений,мужской,Достоинства:Товар соответствует описанию. Качество хорошее. Хорошо отмывает посуду и жир на ней.,5.0,Wildberries
2026-06-18,Анна,женский,,3.0,Wildberries
2026-06-18,Евгений,мужской,Достоинства:Товар соответствует описанию. Качество хорошее. Отмывает посуду хорошо.,5.0,Wildberries
2026-06-18,Светлана,женский,,5.0,Wildberries
2026-06-18,Вера,женский,,5.0,Wildberries
2026-06-18,Галина,женский,"Достоинства:Гель очень понравился. Очень густой, пришлось немного развести водой. Отмывает отлично. К покупке рекомендую. Спасибо за товар. Буду брать теперь все время.",5.0,Wildberries
2026-06-18,Ирина,женский,,5.0,Wildberries
2026-06-18,Евдокия,женский,"Достоинства:Гель отличный, густой .",5.0,Wildberries
2026-06-18,Оксана,женский,,5.0,Wildberries
2026-06-18,АБВГД,мужской,Достоинства:беру постоянно ❤️,5.0,Wildberries
2026-06-18,Марина,женский,Достоинства:Отличное средство для мытья посуды,5.0,Wildberries
2026-06-18,Екатерина,женский,,5.0,Wildberries
2026-06-18,Покупатель,мужской,Всё отлично!,5.0,Wildberries
2026-06-18,Анастасия,женский,Достоинства:Хорошо моет,5.0,Wildberries
2026-06-18,Карина,женский,,5.0,Wildberries
2026-06-18,Анна,женский,,5.0,Wildberries
2026-06-17,Марина,женский,"Достоинства:Беру не первый раз, очень нравится.",5.0,Wildberries
2026-06-17,Покупатель,мужской,,5.0,Wildberries
2026-06-17,Анна,женский,"Достоинства:Приятный запах, густой, хватает очень надолго",5.0,Wildberries
2026-06-17,Карина,женский,,5.0,Wildberries
2026-06-17,Лика,женский,,5.0,Wildberries
2026-06-17,Николай,мужской,Достоинства:Лучший гель для мытья посуды,5.0,Wildberries
2026-06-17,Александр,мужской,Качественная бытовая химия 💯👍,5.0,Wildberries
2026-06-17,Валерий,мужской,,5.0,Wildberries
2026-06-17,Лариса,женский,,5.0,Wildberries
2026-06-17,Антонина,женский,,5.0,Wildberries
2026-06-17,Елена,женский,Достоинства:Пользуюсь всегда этим средством. Мне нравится. Спасибо!,5.0,Wildberries
2026-06-17,Светлана,женский,,5.0,Wildberries
2026-06-17,Елена,женский,,5.0,Wildberries
2026-06-17,Покупатель,мужской,Достоинства:Много пены. Экономный. Хорошо удаляет жир!,5.0,Wildberries
2026-06-17,Татьяна,женский,,5.0,Wildberries
2026-06-17,Алена,женский,,5.0,Wildberries
2026-06-17,Светлана,женский,Достоинства:Хорошее средство. Отлично отмывает. Рекомендую.,5.0,Wildberries
2026-06-17,Владимир,мужской,,5.0,Wildberries
2026-06-17,Олеся,женский,,5.0,Wildberries
2026-06-17,Людмида,женский,Достоинства:Моя любимая фирма.,5.0,Wildberries
2026-06-16,Оксана,женский,,5.0,Wildberries
2026-06-16,Елена,женский,"Достоинства:Кожа не сушится, хорошо отмывает, не оставляет запаха",5.0,Wildberries
2026-06-16,Покупатель,мужской,"Достоинства:Пользуюсь давно, очень нравится.",5.0,Wildberries
2026-06-16,Покупатель,мужской,,5.0,Wildberries
2026-06-16,Покупатель,мужской,,5.0,Wildberries
2026-06-16,Наталия,женский,Достоинства:Пришёл быстро в применении все отлично 👌 спасибо продавцу отдельное спасибо за хорошее обслуживание и вежливость рекомендую обращаться,5.0,Wildberries
2026-06-16,Надежда,женский,,5.0,Wildberries
2026-06-16,Светлана,женский,"Достоинства:Отлично отмывает, пены много, запах приятный, очень нравится, заказала повторно",5.0,Wildberries
2026-06-16,Вячеслав,мужской,,5.0,Wildberries
2026-06-16,Марина,женский,"Достоинства:Беру постоянно. Все устраивает, цена качество.",5.0,Wildberries
2026-06-15,Дарья,женский,,5.0,Wildberries
2026-06-15,Натали,мужской,"Достоинства:Очень хороший гель, особенно для тех у кого аллергия.",5.0,Wildberries
2026-06-15,Даня,женский,,5.0,Wildberries
2026-06-15,О,мужской,,5.0,Wildberries
2026-06-15,Покупатель,мужской,,5.0,Wildberries
2026-06-15,Светлана,женский,"Очень густой, пахнет как стиральный порошок",3.0,Wildberries
2026-06-15,Анна,женский,Достоинства:Товар хороший немного не угадала с запахом,4.0,Wildberries
2026-06-15,Лариса,женский,"Достоинства:Нормальный гель, хватает на долго, покупаю не впервые. Спасибо.",5.0,Wildberries
2026-06-15,Покупатель,мужской,"Достоинства:Хорошо упакованно, гель мне нравиться, спасибо быстрая доставка.",5.0,Wildberries
2026-06-15,Светлана,женский,Достоинства:Всё,5.0,Wildberries
2026-06-15,Покупатель,мужской,,5.0,Wildberries
2026-06-15,Вера,женский,"Достоинства:Покупаю не первый раз, густой, хорошо пенится и хорошо отмывает. Рекомендую к покупке,",5.0,Wildberries
2026-06-15,Галина,женский,Достоинства:Берём постоянно.,5.0,Wildberries
2026-06-14,Покупатель,мужской,"Достоинства:,, моя,, давно им пользуется.",5.0,Wildberries
2026-06-14,Юлия,женский,,5.0,Wildberries
2026-06-14,Виктория,женский,,5.0,Wildberries
2026-06-14,Наталья,женский,"Недостатки:Всегда покупаю это средство, и всегда на крышке был or код. Здесь его нет. Проверить по "" Честному знаку"" нельзя, наводит на мысли что подделка",3.0,Wildberries
2026-06-14,Гульнара,женский,Без Чайной Соды ни как...Не понравилось,3.0,Wildberries
2026-06-14,Игорь,мужской,,5.0,Wildberries
2026-06-14,Айкен,мужской,Достоинства:Все супер! Очень хорошо пенится,5.0,Wildberries
2026-06-14,Светлана,женский,"Достоинства:Мелкий гель, без отдушки. То что хотела",5.0,Wildberries
2026-06-14,Карина,женский,Достоинства:все отлично упакована,5.0,Wildberries
2026-06-14,Покупатель,мужской,Достоинства:Пока еще не поняла. До этого заказывала другой. Поход на крем-мыло. 1 в 1. Даже запах. Только этикетки разные.,5.0,Wildberries
2026-06-14,Валентина,женский,Недостатки:Не понравился запах,3.0,Wildberries
2026-06-14,Ольга,женский,Достоинства:Хорошее средство с нейтральным запахом. Экологичное.,5.0,Wildberries
2026-06-14,Ольга,женский,,5.0,Wildberries
2026-06-14,Муза,женский,,5.0,Wildberries
2026-06-14,Анна,женский,,5.0,Wildberries
2026-06-14,Покупатель,мужской,Достоинства:Отличное средство,5.0,Wildberries
2026-06-14,Каламкас,мужской,"Достоинства:Хорошо пенится, отмывает жир, ничем не пахнет, большой, выгодный объем за свои деньги 👍🏼",5.0,Wildberries
2026-06-19,Ильдар,мужской,"Доставка согласно заявленного, пломба не вскрыта, конистра не битая, запах идеален, советую, да и цена привлекательна.",5.0,Ozon
2026-06-18,Александр,мужской,норм берём не первый раз,5.0,Ozon
2026-06-17,Денис,мужской,"Отличное средство для мытья посуды, хорошо отмывает, приятно пахнет, со своими функциями справляется полностью. Пятилитровой канистры хватает надолго, плюс не переплачивать за дополнительную тару, покупаю в таком формате этого производителя уже не в первый раз - всегда всë хорошо",5.0,Ozon
2026-06-16,Любовь,женский,Супер.,5.0,Ozon
2026-06-16,Бусыгина,женский,Пришел во время. Густое средство,5.0,Ozon
2026-06-16,Александр,мужской,все отлично,5.0,Ozon
2026-06-16,Оксана,женский,Отлично моет и пенится,5.0,Ozon
2026-06-15,Марина,женский,"гель густой,запах приятный,отмывает хорошо 👍",5.0,Ozon
2026-06-15,Ангелина,женский,Хороший аромат!,5.0,Ozon
2026-06-13,Игорь,мужской,беру второй раз посуду отмывает чисто,5.0,Ozon
2026-06-11,Галия,женский,Очень понравился гель,5.0,Ozon
2026-06-11,Денис,мужской,отличное средство для мытья посуды,5.0,Ozon
2026-06-10,Светлана,женский,"Беру не первый раз, очень нравится",5.0,Ozon
2026-06-09,pokupatel,неизвестно,"пришёл товар в идеальном состоянии, но чтобы крышку открыть пришлось применить мужскую силу",5.0,Ozon
2026-06-09,Имя,женский,Хороший объем за хорошие деньги.,5.0,Ozon
2026-06-09,Руслан,мужской,"хорошее средство для мытья посуды, практически без запаха, много",5.0,Ozon
2026-06-07,Имя,женский,"не в первый раз беру, удобно, нравится. все целое . спасибо",5.0,Ozon
2026-06-05,Елена,женский,"Давно перешла на гель для стирки. Удобно, а самое главное нет крошек от порошка. Покупаю в основном с пятновыводителем.",5.0,Ozon
2026-06-02,Андрей,мужской,"Пришло быстро, по качеству продукта нареканий нет.",5.0,Ozon
2026-06-01,Роман,мужской,"Отмывает неплохо, пахнет тоже хорошо.",5.0,Ozon
2026-06-01,Имя,женский,отличный,5.0,Ozon
2026-05-31,Марина,женский,Пользуюсь уже три года только этим моющим средством. В планах нет изменять этой марке! Всё устраивает.,5.0,Ozon
2026-05-31,Нина,женский,все ок,5.0,Ozon
2026-05-30,Анна,женский,"средство хорошее, запах спокойные",5.0,Ozon
2026-05-27,Любовь,женский,"вроде все нормально, но смутила крышка,которая открылась вместе с кольцом. мембрана защитная на месте, консистенция тоже вроде нормальная. запах приятный. что с ценами стало??? растут как на матёрых дрожжах, эффект как знаете,если дети в школьном туалете дрожжи набросают в унитазы, так же и ваши цены.....",5.0,Ozon
2026-05-27,Михаил,мужской,отличное средство3,5.0,Ozon
2026-05-27,Лиана,женский,"Хороший гель, приятно пахнет, хорошо смывается",5.0,Ozon
2026-05-27,Наталья,женский,рекомендую к покупке,5.0,Ozon
2026-05-26,Наталья,женский,Синергетик лучший,5.0,Ozon
2026-05-26,Лариса,женский,"Беру не первый раз, единственное моющее средство, выполняет свою функцию на 5. Рекомендую.",5.0,Ozon
2026-05-26,Любовь,женский,"средство пришло во время,без задержек. беру уже не первый раз.средство очень зорошее",5.0,Ozon
2026-05-26,Николай,мужской,Отличный гель. Не первый раз берем,5.0,Ozon
2026-05-26,Ольга,женский,"Очень хорошее средство, пенится отлично и доставка быстрая надолго хватит",5.0,Ozon
2026-05-25,Татьяна,женский,хорошо,5.0,Ozon
2026-05-24,Елена,женский,привезли без коробки.,5.0,Ozon
2026-05-24,Анна,женский,"Общее впечатление замечательное.Товар пришёл быстро,канистра целая,качество товара хорошее.",5.0,Ozon
2025-06-25,Светлана,женский,"Достоинства: Приятная пенка, не сушит кожу, отмывает достойно, вроде как меньше вредит природе.
Недостатки: По мне-большеват расход, ну тут кому как, я на даче привыкла пользоваться пенками-они нежнее для кожи, потому что часто забываю одеть перчатки, да и не удобно в них постоянно нырять под кран,- больше возни,когда всё кипит и готовится. Гели для посуды и жидкое мыло очень сушат мою кожу, особенно в зимнее время. Пенки как будто бережнее.
Комментарий: Рекомендовать могу. Попробую ещё пенку другой фирмы, которую купила для сравнения, и уже выберу, какую буду брать на постоянной основе. Конкретно эта меня пока всем устраивает. Товар пришёл во время, упаковка надёжная, товарный вид сохранен, пользоваться удобно. Сроки хорошие, Вполне можно брать с запасом по скидке. Сам флакончик смотрится эстетично. У меня никаких реакций кожных не вызвала, у детей тоже, но мы, правда, и не склонны к высыпаниям.
...ещё",5.0,Я.Маркет
2026-02-08,Full,неизвестно,"Достоинства: Недорого для такого объёма. Бесплатная доставка в пункт выдачи.
Недостатки: Что выписал, то и получил. Претензий нет.
Комментарий: Канистра с моющим средством пришла чистенькая, нигде не подтекала, под крышкой глухая пломба из алюминизированной бумаги. Само средство не жидкое, но и не слишком густое. Прозрачное, чистое. Запах всё же немного есть, но ненавязчивый и не противный, по-моему яблоком отдаёт. Была незамерзайка для авто и жидкое средство для мытья полов, запах идентичный, наверное с ""одной бочки черпают"", но те средства пахли значительно сильнее, а это чуть отдаёт. Если сравнивать с Фейри, то Synergetic гель немного пожиже и меньше пенится, поэтому расход его увеличивается. Отмывает хорошо и смывается неплохо, до скрипа. Хотя с рук не так хорошо смывается, может что-то смягчающее типа глицерина добавлено, чтобы кожу не сушило. В общем прижилось на мойке, а то бывало некоторые средства сразу на выброс, в основном из-за стойкого аромата парфюмерных добавок, которые не вымываются с посуды, особенно с пластиковой и деревянной.
...ещё",5.0,Я.Маркет
2025-09-09,Олег,мужской,"Достоинства: Экономный расход моющего средства без ущерба его эффективности
Недостатки: Не обнаружено
Комментарий: Первая проба этого геля - ""Алоэ вера"" - оказалась настолько удачной, что предопределила последующую устойчивую симпатию к моющим средствам линейки ""Synergetic"". За ""Алоэ вера"" дважды подряд последовало и ""Сочное яблоко""... Каждый раз приобретались канистры 5-литрового исполнения. Периодического пополнения этим моющим средством кухонного диспенсера с дозатором хватало конкретно в моём случае на мытьё посуды (и не только) в среднем на полтора года. За указанный период средства не утрачивали своих свойств и не вызывали каких-либо отрицательных замечаний у хозяйки, но сделали, по её заявлению, сам процесс их использования достаточно удобным и практичным. В итоге ещё остаётся и канистра для каких-нибудь иных полезных применений...
...ещё",5.0,Я.Маркет
2025-08-13,Имя,женский,"Достоинства: Экосертификация Запах как настоящий арбуз Через минуту запах уходит и посуда, и руки не пахнут НИЧЕМ, а не химией, как многие другие Большая упаковка хороша для диспенсеров и окр.среды Канистру можно сдать в контейнер для вторсырья во дворе (сомните перед этим) Канистра запаяна и не прольётся при доставке, если ее шипом не пробьют, конечно
Недостатки: Если рыба, то помыть 2 раза Масло со сковородки за 3 Мог бы быть без красителя, конечно (но с запахом) Средний расход средства, не самый экономичный
Комментарий: Пользуюсь средством уже много лет. Причём как мылом, как средством для посуды, для уборки и мытья всякой всячины. Я мечтала об упаковке 5л, т.к. много выкидывала тюбиков. Теперь все в ажуре. Раньше канистры не были запаяны под колпачком, как зубная паста, и нам в доставке выливали полканистры во все остальные товары, а СЕЙЧАС ВСЕ ОСТАНЕТСЯ ВНУТРИ 100%. Упаковка перерабатываемая, даже во дворовый синий бак можно. Лучшее средство по комплексу параметров, что я использовала. Самое важное для меня это запах. Именно этот запах для меня прекрасен (правда я ещё с лемонграссом не пробовала,но и не буду). Я супер чувствительна, и мне важно, чтоб я его не оставалось на руках и посуде.
...ещё",5.0,Я.Маркет
2026-03-15,MoonSpirit76,неизвестно,"Достоинства: Легко пенится, универсальное, экономичное.
Недостатки: Нет. Но иногда может засыхать на дозаторе на выходе и нужно просто вытащить застывший кусочек.
Комментарий: Это самая лучшая вещь для повседневного использования, которую я находил. Со всем справляется, не вредит рукам. Просто сказка. Только не пытайтесь им к примеру отмывать какие нибудь старые сковородки, кастрюли и т.д и т.п. Ну которыми ваши дедушки и бабушки пользовались и у которых тонна нагара и жира. С такими загрязнениями это средство не справится. Для такого нужна более серьезная и агрессивная химия. Но вот отмыть ложки, кружки, посуду которая не покрылась слоем жира - идеальный вариант.",5.0,Я.Маркет
2025-07-02,Елена,женский,"Достоинства: Ого, этот гель для посуды SYNERGETIC просто поражает меня своей эффективностью! Он так легко удаляет жир и запахи даже без горячей воды. Я чувствую себя настоящим алхимиком, превращающим грязную посуду в блестящую чистоту за мгновение! Аромат этого геля действительно приятный, он не навязчивый и не оставляет сильного запаха на посуде. А что касается моих рук, они просто благодарят за использование этого геля. Растительный глицерин действительно работает чудеса, защищая и увлажняя кожу. Все это делает процесс мытья посуды еще более приятным.
Недостатки: Нет недостатков.
Комментарий: Расход экономный, хватает надолго. В общем, если вы хотите, чтобы мытье посуды стало не просто обязанностью, а целой ритуальной процедурой, то SYNERGETIC - ваш выбор! Вот такая вот магия в канистре/бутылке. 🌟
...ещё",5.0,Я.Маркет
2026-03-16,Андрей,мужской,"Достоинства: Качество, цена, дизайн упаковки, моющие свойства самого средства
Недостатки: Недостаток только как сотрудники склада упаковывают такой товар, пожалуйста сотрудники склада не упаковывайте тот товар что может протечь, вытечь в СТРЕЙЧ ПЛЕНКУ, в пупырчатую пленку только и в коробку надо такие вещи упаковывать. я очень надеюсь что это прочитают и начнут уже нормально такие вещи упаковывать
Комментарий: Я всё написал выше в недостатках. В самом средстве недостатков нет, качество и расход самого средства очень устраивают, но удручает как такие вещи упаковывают на складе. Очень надеюсь на изменения",5.0,Я.Маркет
2026-02-27,Юлия,женский,"Достоинства: без постороннего запаха и никаких красителей!!!биоразлагаемое!!! конечно же хорошо отмывает, легко смывается и расходуется достаточно экономно. моё постоянное средство для мытья посуда уже несколько лет
Комментарий: давно пользуюсь этим средством, все устраивало, кроме сильно поднявшейся цены. цена (550 руб за 5л) делает его ещё более привлекательным). не подделка, на канистры логотип брэнда есть! до этого покупала более дешевле средство ( тогда синергетик стоил порядка 800 руб за 5 литров, а я купила какойто гель рублей за 400), и просто расстроилась, там один глицерин и использовала я его раза в три быстрее,чем это же количество синергетика. рекомендую!",5.0,Я.Маркет
2026-05-10,Маргарита,женский,"Достоинства: Отмывает отлично, даже в холодной воде, руки после него мягкие, экономно расходуется.
Недостатки: За три года использования разных бальзамов из этой серии - я их не нашла
Комментарий: Дополняю: его хватило почти на 2 года использования, с августа 2024 до мая 2026, и то: ещё остался запас до конца месяца. Раньше брала сладкие запахи, а этот интересный, напоминает парфюм унисекс. Мне понравился даже больше, не надоедает.",5.0,Я.Маркет
2026-05-01,Людмила,женский,"Достоинства: Все средства марки Синергетик - превосходны и в особенности ср-ва для мытья посуды, поскольку они соприкасаются с пищей. Самое главное в них это здоровый чистый состав природного происхождения, среди компонентов отсутствуют анионные ПАВы, самые агрессивные из всех ПАВов. Конкретно это ср-во имеет восхитительный аромат эвкалипта и горного чабреца, густую консистенцию. Средство очень экономично.
Комментарий: Рекомендую всем, на основании своего почти десятилетнего опыта использования всей продукции марки Синергетик.",5.0,Я.Маркет
2025-10-10,Марина,женский,"Комментарий: В шоке, что у нас есть такие замечательные аналоги фейрям и аосам, которые в последние годы непонятно какого качества, то ли подделки, то ли сами по себе такие. Купила в пятёрке по акции, особо ни на что не рассчитывая. А оно, оказывается, моет, причем жир в холодной воде отлично отмывает. Расход чуть великоват и хотелось бы ещё погуще, хотя и так не жидкое, но за великолепные моющие качества можно простить. Но есть одно но: купила в фикс-прайсе гель с другим запахом, и по ощущениям он моет хуже. Так что только этот в фаворитах. В 5л канистре брала, тоже все ок.",5.0,Я.Маркет
2026-02-21,Ирина,женский,"Достоинства: Пользуюсь синергетиком уже несколько лет,для меня он идеально подходит,я с другой химией ""не дружу"", долго искала что то подобное, теперь у меня вся линейка этой фирмы. С подобным запахом взяла в первые, нормальный,парфюмированный,но быстро испаряется,на посуде,что актуально,не остаётся.
Недостатки: нет
Комментарий: Всем рекомендую,со своей задачей справляется на пять с плюсом, отсутствия резких химических запахов,не раздражает кожу.",5.0,Я.Маркет
2025-11-26,Дмитрий,мужской,"Достоинства: Всё отлично, все соответствует заявленному описанию. Аромат не резкий. Пенится действительно хорошо
Недостатки: Тут не к товару претензия, а к транспортировке, точнее к таре в которой производится транспортировка, а ещё точнее её отсутствие))) Полностью соглашусь с другими отзывами где этот момент подмечали. Все таки нужна коробка для транспортировки и тогда все будет хорошо. Немного вытекло из горлышка тюбика, но совсем крапали, не критично.",5.0,Я.Маркет
2026-03-09,Светлана,женский,"Достоинства: прекрасное средство, консистенция и расход
Недостатки: нет
Комментарий: данный бренд нравится, покупаю давно, плюс объем очень даже, мне хватает практически на год (у меня посудомоечная машина), кстати и для посудомойки у данного бренда много классных средст. В общем рекомендую. и кстати, этим средством можно мыть детскую посуду, тоже все здорово, и отмывает, и не оставляет мыльности на тарелках и стаканах.",5.0,Я.Маркет
2025-12-24,Елена,женский,"Достоинства: Безопасность по сравнению с другими популярными моющими средствами, можно мыть овощи-фрукты, легко смывается
Недостатки: Мылится, конечно, хуже широко разрекламированных средств. Расход больше.
Комментарий: Несмотря на минусы, покупаю и буду покупать. И не потому что я прямо такой эколог, за природу... Я за себя, любимую, и своих детей. А это средство не такое химозное как разрекламированных фейри и им подобные. Сейчас в магазинах все овощи-фрукты на прилавках в открытую лежат, все ходят - чихают, кашляют, руками трогают. Болеть не хочется, а промыть овощи-фрукты просто под водой недостаточно, чтобы смыть, например, следы вируса. С этим средством проблем нет - намыливаю и смываю, смывается так легко, что тереть не надо, что особенно важно когда моешь тонкокожурые, например помидоры или даже хурму. Даже дети привыкли мыть фрукты с каплей этого средства. Да, оно хуже мылится и его расход больше, чем у других средств, потому что оно более натуральное. Получается дороже, но на здоровье экономить не хочется.
...ещё",5.0,Я.Маркет
2025-12-01,елена,женский,"Достоинства: аккуратно упаковано,пришло вовремя и то,что есть есть дозатор - это больше преимущество.
Недостатки: нет,всегда пользуюсь именно этой серией.
Комментарий: хорошее средство,отмывает посуду замечательно до блеска и с жирной посудой справляется не хуже антижира.Ещё добавляю к стиральному порошку при замачивании,если есть жирные пятна.Рекомендую.В другом флаконе тоже синержетик с добавлением уксуса,это,если надо помыть стеклянную посуду.",5.0,Я.Маркет
2026-04-22,Дмитрий,мужской,"Достоинства: Все хорошо, отличный гель
Недостатки: Яндекс пакет
Комментарий: Забрал товар, положил в Яндекс пакет, который выдают в ПВЗ. Взял со стола сразу отрываются ручки, результат трещина на бутылке пришел домой грамм 300 вылилось, очень обидно и не удобно, теперь хранить бутыль в перевернутом положении а там 5л быстро не израсходуется. Так что Яндекс пакету одна звезда, лучше ни каких чем такие!",5.0,Я.Маркет
2025-10-02,Nikolai,неизвестно,"Достоинства: Эффективность: Средство отлично справляется с жиром и загрязнениями, посуда блестит и не оставляет разводов. Безопасность: Я спокоен за свое здоровье и здоровье своей семьи, так как Sinergetic не содержит вредных химических веществ. Приятный аромат: Средство имеет нежный и свежий аромат, который не резкий и не вызывает дискомфорта. Экономичность: Средство концентрированное, его хватает надолго.
Недостатки: Высоковата цена по сравнению с другими производителям
Комментарий: Рекомендую Sinergetic всем, кто ищет эффективное и безопасное средство для мытья посуды.",5.0,Я.Маркет
2026-02-18,Марина,женский,"Достоинства: Биоразлаганмое средство, экологичнре и безопасное.
Недостатки: Недостатков не обнаружено
Комментарий: Уже несколько лет пользуюсь гелем для мытья посуды Synergetic, очень довольна его качеством. Последний пару лет покупаю 5 литровые упаковки, выходит очень экономично. У дочери были покраснения на коже при использовании ср-во для мытья посуды Fairy, с Synergetic никогда ничего подобного не случалось. Рекомендую безопасное, биоразлагаемое, дерматологически протестированное средство Synergetic.",5.0,Я.Маркет
2025-08-29,lena,неизвестно,"Достоинства: Гель густой ,хорошо пенится ,значит и расход будет экономичнее,надолго хватит и приятный запах.
Недостатки: Недостатков никаких не нашла.
Комментарий: На момент покупки цена была приятная. С доставкой никаких проблем не было. Товар пришёл вовремя,хорошо и плотно запакован в пупырчатую пленку,флаконы полные. Относительно качества геля - мне не показалось что он как-то особенно хорошо отмывает посуду. Обычная мыльная субстанция.",5.0,Я.Маркет
2025-11-28,Имя,женский,"Достоинства: Нормальная, густая консистенция. Качественное содержимое. Пенится хорошо. Приятный запах. Плотная ёмкость. Крышка с контролем первого вскрытия, под которой надёжно запечатано горлышко плотной фольгой.
Недостатки: Как и жидкое мыло пенится, смывается долговато, но быстрее, чем Fairy.
Комментарий: Чтоб поскорее смыть/устранить пену, добавляю пищевую соду. Заказано в магазине ""Яндекс Маркет"".",5.0,Я.Маркет
2026-06-01,Дмитрий,мужской,"Достоинства: Качество отмывания. При умеренном расходе отлично удаляет жир. Хорошо смывается. В отличие от средства, которое ""используют в Велорибе и Велобаджио"" идеально смывается. Объем в 5 л отлично подходит для большой семьи.
Недостатки: Не обнаружил
Комментарий: Последней каплей в использовании фейри стало мытье посуды на даче в холодной сильно жесткой колодезной воде (плохо смывает как мыло, так и средства для мыть посуды). Мало того что смывал очень долго, так потом еще и посуда с руками воняли химией. Решил попробовать это средство. Зашло идеально. Правда с дачной водой расход чуть больше, но по крайней мере не воняет. Покупать объём 5 л оказалось гораздо выгоднее, особенно если попасть на акцию. Пробовал не только с запахом арбуза, но и яблоко, лимон. Все отлично. Рекомендую товар к покупке!
...ещё",5.0,Я.Маркет
2026-02-04,Кирилл,мужской,"Достоинства: До этой, довольно спонтанной покупки, которую посоветовала подруга жены, всегда покупали гель для мытья посуды другого российского производителя. Скачать, что оно чем-то сильно радикально лучше не могу, но с учетом стоимости за 5 литров, цена более, чем по приятная. С учетом вышеуказанных фактов, рекомендую данное моющее средство к покупке
Недостатки: Явных недостатков у этого геля на мой взгляд нет, но радикально от других известных производителей, на мой взгляд, он ничем не отличается. Берет только адекватной ценой из-за объёма.
Комментарий: Рекомендую к покупке, разочарованы точно не будете",5.0,Я.Маркет
2026-02-09,Tamara,неизвестно,"Достоинства: Большая емкость с удобной ручкой. Неяркий аромат, не вызывает аллергию у меня. Жидкость прозрачная, достаточно вящкая, но не сильно Густая, что надо. Часть геля развожу в диспенсере и мою слегка загрязненные игрушки детей. Отмывает жир на посуде даже в чуть тёплой воде. Подходит для мытья детских игрушек из пластмассы, рекомендую.
Недостатки: не нашла",5.0,Я.Маркет
2026-02-25,Юлия,женский,"Достоинства: Всё. Цена, качетво!
Недостатки: Нет вообще
Комментарий: Я фанат синергетика! Это лучшие средства!!! Я для посуды раньше брала апельсиновый, очень приятный и ненавязчивый запах, не резкий и тут попробовала гранат. Это потрясающе! Такой приятный и нежный аромат! Всегда мыла раньше посуду в перчатках, с появлением в моей жизни этой фирмы, я забыла о них! Не сушит кожу! Приятно пахнет не только посуда, но и руки! Только восторг и только положительные отзывы! Советую от души!",5.0,Я.Маркет
2026-04-26,.,неизвестно,"Достоинства: Смывается, почти без запаха
Недостатки: Может быть, расход
Комментарий: По опыту работы няней в детском саду, могу сказать, что мыть можно любым средством для посуды, почти у всех концентрация ПАВ одинаковая. Главное, КАК вы ее моете. Мы добавляли колпачок средства (5 мл) на раковину, затыкали ее пробкой, и добавляли максимально горячей воды. Естественно, перчатки. По санпину рекомендован гель Прогресс, он жидкий, как вода и концентрация там маленькая, так что надо было добавлять в 2 раза больше. Особого смысла в этом нет, да и не было его никогда, приходилось покупать самим, так что у меня была возможность поэкспериментировать. Хуже всего оказались Фэйри и Сорти, в горячей воде выделялась какая-то дрянь, от которой у меня болела голова. Для себя решила, что чем короче состав у средства, тем лучше. Synergistic с алоэ понравился больше всех (были ещё с апельсином и лимоном - эти запахи надоедают со временем) Все он конечно, не смывает, (особо жирную посуду мою порошковой горчицей), тем не менее, средство очень хорошее
...ещё",5.0,Я.Маркет
2025-12-13,Алексеева,женский,"Достоинства: очень хорошо упаковано. средство прекрасное. пользуюсь много лет. не мылит как Ферри, легко смывается, нет противного запаха. читала об этом средстве, что хорошо для тех у кого септики. нет всяких вредных составляющих
Недостатки: за годы использования, не обнаружили
Комментарий: очень хорошо упаковано. средство прекрасное. пользуюсь много лет. не мылит как Ферри, легко смывается, нет противного запаха. читала об этом средстве, что хорошо для тех у кого септики. нет всяких вредных составляющих",5.0,Я.Маркет
2026-04-18,YLBRMCHK,неизвестно,"Достоинства: Пользуюсь Synergetic уже очень давно, и не только для посуды. По моему, это лучшее средство.
Недостатки: Заказываю не первый раз Synergetic, но конкретно в данный заказ мне гель не понравился, потому что он слишком жидкий. По консистенции больше похож на воду, чем на гель. Такое ощущение, что его отлили себе и разбавили остаток. Звезд не снимаю, потому что так и не поняла, может гель что-то поменял и теперь он такой будет или при доставке кто-то попался недобросовестный. Но думаю, что это не вопрос к продавцу. Хотелось бы, конечно, понимать почему так.",5.0,Я.Маркет
2025-10-11,Алексей,мужской,"Достоинства: хорошо отмывает, обладает приятным лёгким запахом, не сушит кожу
Недостатки: не так сильно пенится как другие
Комментарий: до этого пользовались средством в жёлтой упаковке с зайчиком. решили попробовать синергетик. очень понравилось. имеет приятный несильный запах, кожу на руках не сушит. не так хорошо пенится как с зайчиком, но все отмывает. на посуде не остаётся. пробовали разные ароматы, остановились на этом. большая экономичная канистра гораздо выгоднее . переливаем в 0.5л пустые бутылки этого же средства - у них очень классные дозаторы - уже 8я заливка - а дозатор как работал так и работает и отлично тянет жидкость",5.0,Я.Маркет
2025-11-12,Анна,женский,"Достоинства: Запах на мой вкус очень приятный. Посуду моет хорошо, даже в холодной воде. Отлично пенится. Легко смывается.
Недостатки: нету
Комментарий: у меня руки очень капризные, от других популярных марок моющих средств кожа рук раньше после мытья посуды была сохнущая и обезвоженная... а вот от Синергетика такого нет. Крем для рук простаивает в ожидании. Очень этому рада, и всем советую.",5.0,Я.Маркет
2025-07-15,Arth'axx,неизвестно,"Достоинства: Неплохо пенится, довольно легко смывается, приятно пахнет, применимо и к другим продуктам компании SYNERGETIC. В основном оценка за находку (с некоторых пор оказалось, что 1 раз купить балон 5л дешевле, чем 5 раз бегать в фикс прайс за АОСом по 1л).
Недостатки: Цена растет :)
Комментарий: часто можно найти на яндексе и озоне за подешевле, но нужно следить за ""акциями"" или ""крутить призы за монетки"", и.т.п.",5.0,Я.Маркет
2026-03-27,Наталья,женский,"Достоинства: приятный аромат, нежная текстура и пена. посуду отмывает. давно пользуюсь средством для мытья посуды этого бренда, правда гель бальзам заказала впервые на пробу. мне понравился. нравится то, что средство хорошо смывается с посуды. ну и я надеюсь, что оно действительно биоразлагаемое и не содержит вредных компонентов для природы.
Недостатки: на жирные сковороды и кастрюли нужно побольше средства, чтобы промыть
Комментарий: покупаю средства канистра и, т.к это более экономно. ну и не нужно думать постоянно об этом. купил и забыл на полгода точно.",5.0,Я.Маркет
2026-02-25,Вера,женский,"Достоинства: Больше всего в нем нравится, что он хорошо смывается и не оставляет запаха. Отдушка ненавязчивая, приятна. Беру не в первый раз. Продавцу спасибо за дополнительную упаковку в виде пленки.
Недостатки: Не такой эффективный как мог бы быть. На жирной посуде иногда нужно мыть два раза. Но так или иначе все отмывает.",5.0,Я.Маркет
2026-04-06,Людмила,женский,"Достоинства: Хорошее средство, большой объём позволил забыть на пол-года о необходимости пополнять - очень удобно.
Недостатки: Нет.
Комментарий: Объём большой, регулярно приходилось переливать во флакон этого же производителя меньшего объёма. Главное, было из чего переливать, кстати, он очень густой, перетекал медленно.",5.0,Я.Маркет
2025-12-09,Елена,женский,"Достоинства: Большой объем, хорошо пенится
Недостатки: Упаковка была вскрыта, жидкость немного пролита и не очень приятный запах
Комментарий: Гель пришел упакован в пленку, причем видно, что пленку перемотали. Дозатор был в рабочем положении, в нем была жидкость для посуды, и сам флакон был не полный. Запах не понравился, но сама жидкость хорошо пенится",5.0,Я.Маркет
2025-09-24,Екатерина,женский,"Достоинства: умеренно пенится и смывается, приятный запах, не остаётся разводами на прозрачной посуде, не сушит кожу рук, экологичный, большой объем, хорошо отмывает жир
Недостатки: высокая вертикальная бутылка с узким основанием легко переворачивается - для меня была бы удобней коренастая ""бочечка"", но это уже вкусовщина и мои кривые ручки :)
Комментарий: взяла на пробу, раньше нравились другие от синергетик. этот тоже приятный, ненавязчивый. хорошее средство за малые деньги, рекомендую.",5.0,Я.Маркет
2026-03-21,Надежда,женский,"Достоинства: Густой гель, большой канистры хватает на очень длительное время. Ароматный, хорошо пенится и смывается.
Недостатки: Цена, мне кажется, за последнее время сильно подскочила.
Комментарий: Вообще средство отличное, уже не первый год пользуюсь. Перепробовала все ароматы, больше всего нравится гранат и арбуз.",5.0,Я.Маркет
2025-10-01,татьяна,женский,"Достоинства: ну о товаре любом этой марки можно вообще не писать,все его знают.Натурально,отлично всё и всегда отмывает,хорошо смывается и выполаскивается и отстирывается.Я аллергик со стажем,все эти средства мне отлично подходят,пользуюсь давно,рекомендую всем и всегда,очень довольна Я,мои друзья,родные и близкие,и,конечно,соседи.Спастбо!",5.0,Я.Маркет
2025-08-22,Алена,женский,"Недостатки: продавец вроде и упаковал хорошо, но протекло
Комментарий: Заказала много средств синергетик, т.к. нужна химия подходящая для септиков. Посуду руками не мою, но средство для мытья посуды все равно имею. запах нормальный, как моет не знаю, но, вроде как не особо хорошо пенится. Это нормально для такого средства, т.к. в нем нет агрессивных пенообразователей, малое количество пены не значит что средство не работает. Упаковано было хорошо, но протекло миллилитров 20, для меня это не критично, но продавцу стоит обратить внимание на это и, возможно, подумать о другом способе упаковки",5.0,Я.Маркет
2025-11-14,Alla,неизвестно,"Достоинства: Со своей задачей справляется хорошо.
Недостатки: Не очень удобно наполнять небольшую ёмкость из-за густой консистенции и тяжёлой канистры.
Комментарий: Большая канистра, густая консистенция геля, моет хорошо. Немного разбавляем в промежуточной посуде, чтобы затем наполнить дозатор моющего средства. Использую воронку. К покупке рекомендую!",5.0,Я.Маркет
2025-12-12,Екатерина,женский,"Достоинства: цена- качество
Недостатки: их нет
Комментарий: давно пользуюсь данными гелями для мытья посуды, нареканий никаких. ожидала цвет как на картинке, но гель оказался белого цвета. запаха специй и граната не почувствовала, для меня это не является минусом. пенится как всегда отлично, расход минимальный. спасибо. рекомендую к покупке",5.0,Я.Маркет
2025-10-20,ИГОРЬ,мужской,"Достоинства: цена-качество,экологически чистый продукт не засоряет природу.большая упаковка очень выгодная.и запах спелого сочного арбуза придает процессу мойки посуды хорошее настроение
Недостатки: недостатков не нахожу.уже давно пользуюсь этим средством и продуктами этого бренда все устраивает
Комментарий: все рекомендую пользоваться бытовой химией этого бренда.за много лет себя зарекомендовали с положительной стороны.качество не теряется.это очем то уже говорит.",5.0,Я.Маркет
2026-03-26,Наталья,женский,"Достоинства: Отличный гель для мытья посуды ,только эту фирму и берём ,очень нравится . Этот аромат взяли первый раз и не прогадали,очень приятный,ненавязчивый. Упаковка отличная,крышка закрыта хорошо,муж еле открыл ,еще и пленка фольга плотная ,не протечет совершенно точно.",5.0,Я.Маркет
2025-07-20,Irens,неизвестно,"Достоинства: без отдушки, безопасный для детской посуды, хорошо пенится
Недостатки: не совсем удобный дозатор
Комментарий: брала для детской посуды и игрушек пенится хорошо и смывается тоже, запаха нет что отлично, искала именно такое средство. до этого брала в супермаркете по такой же цене гель другой фирмы, но только объем был меньше. Раньше покупала обычное средство для посуды синергетик и там был дозатор с округлой кнопочкой он был удобный, здесь же длинный и тонкий рука часто соскальзывает из этого, но это всё мелочи данный момент это чисто моё предпочтение и на качестве товара никак не отражается.",5.0,Я.Маркет
2026-01-13,Bkkosmetika,неизвестно,"Достоинства: гель качественный
Недостатки: помятая бутылка , еле открыла
Комментарий: на яндексе второй раз заказываю моющее в большом объёме, приходит качественный товар, упакован , сразу можно понять, что не подделка и не разбавлен, только вот доставка хромает, бутылка пришла помятая, там где крышка, с трудом открыли.",5.0,Я.Маркет
2026-06-09,Светлана,женский,"Достоинства: Хорошо упакован. Быстро доставлен. Мне вообще нравится продукция этого производителя. Цена вполне приемлемая (попала на распродажу). Благодарю.
Недостатки: Для меня нет.
Комментарий: Много сказать не могу. Этот пока не использовала. Просто пользовалась раньше этими средствами. Очень нравилось. Могу порекомендовать средство от жира и нагара. Просто сказка. Но, в перчатках!!!",5.0,Я.Маркет
2026-01-27,Диана,женский,"Достоинства: Приятный запах, небольшой расход, хорошо пенится
Недостатки: нет
Комментарий: Покупаю уже не первый раз, брала и с травами, и нейтральный, и теперь яблоко - для меня все одинаково хороши и приятны на ощупь и запах. Отмывают посуду отлично. Очень нравится формат 5л - переливаю в дозатор (специально подбирала без горла - чтобы видеть сколько его и наливать удобно было). Получается очень дёшево за шикарное средство",5.0,Я.Маркет
2026-01-01,LVV,неизвестно,"Достоинства: Хорошо очищает посуду, большой объем, экономный расхода, хорошая цена по акции.
Недостатки: Нужно искать более мелкую емкость для ежедневного использования, из канистры не удобно, мягко говоря.
Комментарий: Этот гель-бальзам для мытья посуды моет не хуже других известных брендов при сопоставимом расходе.",5.0,Я.Маркет
2025-10-12,Мой,мужской,"Достоинства: эффективное, вкусно пахнущее, экономичное
Недостатки: нет
Комментарий: Купил протестировать. результат превзошёл все ожидания. движение губкой - тарелка чистая. Жирные кастрюли, и прочее, все быстро отзывается, с меньшим расходом моющего средства. пользовался до этого, по-старинке - Фе**ри (не подумайте, что Феррари))). Реально результат показал, что это средство круче в разы. рекомендую к покупке однозначно. и аромат по кухне очень приятный!",5.0,Я.Маркет
2026-02-17,Имя,женский,"Достоинства: Есть
Недостатки: Нет
Комментарий: Хорошей гель, пользуемся данной фирмой давно , приятный запах , очень удобен в использовании , для меня как для аллергика самое лучшее средство, хорошо промывает посуду и не опасен для детского здоровья, моем им бутылочки и игрушки. К покупке рекомендую. 🔥",5.0,Я.Маркет
2026-01-09,Олег,мужской,"Достоинства: Заказываем регулярно моющие от этого производителя, всё отлично!
Комментарий: Хорошо что приехала всё целое, обычно пупырку всегда упаковывают или в коробку, здесь просто стрейч. может и к лучшему что в стрейче и видно что это, если бы была в коробке могли бы бросать на неё что угодно.",5.0,Я.Маркет
2026-06-03,Ирина,женский,"Достоинства: Хорошее средство. Всегда этого производителя покупаем, другие не приживпбтся у нас. Это средство хорошо моет посуду, хорошо смывается водой, приятный аромат
Недостатки: Нет
Комментарий: Спасибо за качественный товар, бережную упаковку, быструю доставку.",5.0,Я.Маркет
2026-03-23,Евгений,мужской,"Достоинства: Однозначно удобный дозатор и приятный аромат. Гель содержит антибактериальную формулу.
Комментарий: Отличный товар! Synergetic Антибактериальный гель для мытья посуды Сочный арбуз с дозатором, 0.5 л - это качественный гель для мытья посуды, который обладает приятным ароматом сочного арбуза и обеспечивает эффективное очищение. Гель с удобным дозатором, что позволяет экономить средство и упрощает процесс мытья посуды. Приятный аромат и эффективность очистки делают Synergetic гель для мытья посуды отличным выбором для любого дома. Цена на Яндекс Маркете у данного продавца является очень привлекательной.",5.0,Я.Маркет
2025-12-14,Оксана,женский,"Достоинства: Мой любимый гель. Пользуюсь только им. Идеально подходит для разного рода уборки. Большой объем и экономичный расход.
Комментарий: Использую не только по назначению. Добавляю в воду при мытье окон, стен, полов, машины, обуви. Прекрасно растворяет грязь и не оставляет разводов на поверхностях.",5.0,Я.Маркет
2026-04-21,Наталья,женский,"Достоинства: Мне с чувствительной кожей и аллергией, подходит хорошо. Эту линейку выбираю всегда.
Недостатки: Дозаторы стали редкость.
Комментарий: Не поняла, почему так взлетели цены, может производитель решил отпугнуть этим часть покупателей и перейти в разряд элитных. Мне нравилось думать, что отечественный производитель и достаточно хорошего уровня товары, не задирает цены для своих.",5.0,Я.Маркет
2026-01-11,Леся,женский,"Достоинства: Беру не в первый раз. лично мне подходит отсутствие яркой отдушки и красителя, кожа рук не пересушивается. пробовали других производителей с аналогичными заявленными составляющими, но лучше Синергетик пока не нашли. Оптимальное соотношение цена-качество, да в большой упаковке тем более: купил и на пару- тройку месяцев забыл об этой статье трат.
Недостатки: не обнаружили за последние 4 года",5.0,Я.Маркет
2026-02-05,Iris,неизвестно,"Достоинства: Это супергель! Все отлично отмывает, очень приятный аромат!
Комментарий: Недавно открыли для себя это чудесное моющее средство! Всем рекомендую! Руки не сушит, аромат очень приятный, качественная упаковка, что говорит о том, что производитель заботится о покупателях!",5.0,Я.Маркет
2026-01-04,Мариана,женский,"Достоинства: всё отлично 👌 на все 💯💯💯
Недостатки: нет ⛔⛔ всё хорошо
Комментарий: Пункт выдачи заказов отличный 👍👍 сотрудник вежливый во всём помогает ,спасибо большое сотруднику пункта выдачи,вежливые очень и внятное обслуживание рекомендую всем 👍👍 знает свою работу на все 💯💯💯 Спасибо большое!!!)))",5.0,Я.Маркет
2026-04-29,Алексей,мужской,"Достоинства: Хороший гель, отмывает неплохо (сильно загрязненную посуду пока не пробовали мыть), пенится тоже хорошо, довольно густой.
Недостатки: Замечание не по продукту, а к самой его упаковке и доставке, заказывали два раза, и оба раза он протекал. Первый раз было обёрнуто в пузырчатую пленку, видно было что дозатор прожался и средство начало протекать, когда заказывали во второй раз, саму бутылку вобще ни во что не завернули, она снова протекла, а т.к в посылке были и другие товары, то средство испачкало и их. Хорошо что другие товары были в собственной упаковке, постадала только она.",5.0,Я.Маркет
2026-03-10,Ольга,женский,"Достоинства: Нейтральный аромат, достаточно густая консистенция, хорошо пенится
Недостатки: -
Комментарий: Полностью перешла на бытовую химию в канистрах. Может конечно мне так кажется, но всё что продаётся в маленькой таре в рознице - как будто водой разбавленное. Здесь же и консистенция средства другая, более густая, и расход меньше, и пенится лучше. А еще в марте у меня встала повышенная скидка на Синергетик - так еще и цена сказка вышла. Моет в любой воде начисто, быстро смывается, не оставляя пленки.",5.0,Я.Маркет
2026-05-02,Виктория,женский,"Достоинства: хорошее средство,не химический состав мягкий и деликатный, запах приятный, игрушки детские можно в нём стирать,безопасен для всего что требуется отмыть или оттереть
Недостатки: никаких
Комментарий: кожа рук не страдает не сушит ,у кого есть аллергия абсолютно безопасен состав, хорошо и быстро моет посуду и плиту тоже отмывает не портя поверхность, спасибо Яндекс",5.0,Я.Маркет
2025-12-10,Anna,неизвестно,"Достоинства: Густой, кремообразный, приятный аромат. Цена порадовала
Недостатки: Пришел с отломанным дозатором. Доставка задержалась на день.
Комментарий: В целом довольна самим товаром, но не сервисом. Виноватого в сломанном дозаторе уже не найти, но осадочек остался. Увы, никто не застрахован от такого.",5.0,Я.Маркет
2026-01-28,Анатолий,мужской,"Достоинства: Достаточно хороший,ароматный, объёмный и густой гель,не очень дорогой.Хорошо пениться и смывается.Имеет дозатор.
Комментарий: С женой разошлись во мнениях,ей показалось не удобно с дозатором,по мне так наоборот удобно и экономично,дозировка по капле,решайте сами.",5.0,Я.Маркет
2025-09-13,Софья,женский,"Достоинства: Пользовалась раньше этим средством, но с ароматом арбуза, все отлично, 1л на двух человек хватило на полгода
Недостатки: Запах ну не особо похожий на алое, но в целом нормальный. Лично мне в их линейки ужасно не нравится отдушка Апельсина, прям аж выворачивает
Комментарий: Доставили в целости и сохранности, 5л, ничего не пролилось, есть защита металлическая + кольцо на крышке, просто так его не откроешь, мне потребовались ножницы",5.0,Я.Маркет
2025-12-16,Наумова,женский,"Достоинства: Удобная канистра
Недостатки: Нет
Комментарий: Всегда беру канистру, хватает на долго. Раньше брала литровую бутылку, потом понравилось, сейчас переливаю туда, когда заканчивается. Гранат ещё не заказывала, но думаю что такой же как и другие фрукты. Пользуюсь этой маркой лет 5 и не меняю",5.0,Я.Маркет
2026-05-29,Евгений,мужской,"Достоинства: Запах моющего средство понравился. Как и написано в название сочное яблоко. Моет хорошо по сравнию с другим моющими средствами лучшее.
Недостатки: нет
Комментарий: В дальнейшем планирую пользоваться от данных производителей продукцией.",5.0,Я.Маркет
2025-11-13,Валерия,женский,"Достоинства: скорость доставки, функциональность, внешний вид, запах
Недостатки: не выявлено
Комментарий: Средство огонь! мылиться, сильно пенится,расход при этом минимальный. легкий, но приятный аромат. моет хорошо и чисто, жир смывает на раз. приятно порадовала цена данного геля, учитывая как он хорош",5.0,Я.Маркет
2026-01-15,Павел,мужской,"Достоинства: Объем\цена супер 5л за 500р расход не особо экономный, и пена не такая обильная как например у разрекламированных средств, зато в раковине не скапливается.
Недостатки: Тензиты (маркетинговое название, которое скрывает все тот же ПАВ)– полученные из растительного сырья они относятся к группе лишь условно безопасных, то есть, способных при высокой концентрации оказывать неблагоприятное воздействие на печень, репродуктивную функцию, ЦНС, кожные и слизистые покровы. Кроме тог, в экологически безопасных средствах содержание анионных ПАВ не должно превышать 5%, а тут от 5-15%.
Комментарий: Это средство я считаю меньшим из зол. Да, в нем есть тензиты (ПАВ), но если посмотреть составы популярных средств, то там химии еще больше.",5.0,Я.Маркет
2026-03-19,Alexandra,неизвестно,"Достоинства: Без запаха, густой, экономичный.
Комментарий: Это не обычный гель для посуды. У него необычный очищающий эффект, он более густой и пенистый и посуда после него как будто скрипит. Возможно изза глицирина в составе. Кожа действительно как будто бы не сушится после мытья. Но не смотря на это смывается гель хорошо, без проблем обычным споласкиванием. У нас септик, поэтому пользуемся только продукцией Синергетик, очень довольна всегда их качеством и цена приемлемая.",5.0,Я.Маркет
2025-08-20,Юлия,женский,"Достоинства: Хорошо отмывает посуду, приятный запах, хорошо смывается.
Недостатки: Нет
Комментарий: Очень нравится данное средство для мытья посуды, особенно ароматическая композиция - ненавязчивая, не остается на пластиковой посуде для свч. Приобрела в макси формате, чтобы не бегать по городу в поисках именно этого аромата.",5.0,Я.Маркет
2025-11-24,Дина,женский,"Достоинства: Качество товар отличное, пользуемся постоянно, спасибо производителю!
Комментарий: Дозатор был сломан, причем на дозатор была наклеена этикетка со штрих кодом, флакон запаян в пакет, пакет не был вскрыт, обломки от дозатора в пакете отсутствовали. Обнаружили уже дома,",5.0,Я.Маркет
2026-02-06,Tanitriell,неизвестно,"Достоинства: Цена/качество, густой, приятный нейтральный запах, отлично пенится и хорошо смывается
Недостатки: Для меня их нет
Комментарий: Много я средств для мытья посуды за последние 2 года протестировала в поисках идеального для себя варианта, в итоге остановилась на этом. Меня по качеству полностью устраивает. Единственное, подбешивает ценообразование на этот товар на маркетплейсах, разница в стоимости с разбросом в неделю может достигать 2-3 раза, но это касается небольших объемов (0,5 и 1л)",5.0,Я.Маркет
2026-03-29,Фёдор,мужской,"Достоинства: Большая упаковка и от этого вдвое дешевле цена за литр.
Недостатки: Никаких недостатков не обнаружено.
Комментарий: Пользуюсь с удовольствием. Пополняю маленькую бутылочку с помпой, что очень удобно. Купил один раз, а пользуюсь больше года. 👍",5.0,Я.Маркет
2025-12-24,Алексей,мужской,"Достоинства: Хороший, качественный вроде. Первый раз покупаю.
Недостатки: Не вижу пока. По крышкой, защитный клапан, это большой плюс...
Комментарий: Спасибо, за доставку яндекс маркету! Посмотрим как будет пенится и справляться в холодной воде. Брал по акции цена вроде нормальная...",5.0,Я.Маркет
2026-06-05,Марина,женский,"Достоинства: Цена, пена, чистящее свойство, быстро смыкается водой
Недостатки: Срок хранения всего 1 год с даты производства.
Комментарий: Не рискнула покупать 2 бутылки по 5л , хотя было выгоднее, просто побоялась что не успею использовать, а вдруг дате производства уже пол года есть? По итогу средство было изготовлено 7 марта 2021 года, у меня в запасе ещё 9 месяцев. Кстати, не верю тем кто писал что средство не мылится. Превосходно мылится, одной капли из дозатора мне хватает на полную раковину посуды. И что ещё заметила: водой смывается за секунду и посуда скрипит,не воняет ни чем,в то время как моющее с масс маркета смывала подолгу и все равно посуда пахла химией.Я довольна. Буду заказывать ещё. Советую покупать именно по 5л, выходит ~100р за литр. Вполне адекватная цена за безопасное средство!
...ещё",5.0,Я.Маркет
2026-05-22,Данис,мужской,"Достоинства: отличный гель-бальзам по консистенции, приятный аромат.
Недостатки: надо доработать производителям упаковку, все равно немного , но подтекает при транспортировке, может какое-то стопорное кольцо или ещё что.",5.0,Я.Маркет
2025-10-13,Анастасия,женский,"Достоинства: Замечательное моющее средство!!! Удивило и приятно порадовало :) Отмывает масло, жир с пластика, металла и других поверхностей. Отлично справляется с мытьем санузла, раковин, плитки. Средство подошло в качестве дополнительного к порошку во время стирки (в машинке). Эффект превзошел ожидания: сошли пятна, которые не мог взять порошок, особенно на воротнике и манжетах белого поло!!! При стирке черных вещей этим средством на 30-40 градусах не осталось белых разводов как бывает от порошка. Не пришлось дополнительно поласкать. Мою им фрукты и овощи. Не сушит руки!!! Приятно пахнет ""АлоеВера"" Малый расход!",5.0,Я.Маркет
2025-12-09,Александр,мужской,"Достоинства: Густой,ароматный, с хорошей пеной, сразу появляются юные помощники по тарелочкам,.
Недостатки: Нет, всё устраивает, упаковка,и состав.👍
Комментарий: Главное не сойти с ума о аромата, очень яркий,от аромата прям слюнки идут, не забыть что это для мытья посуды а не сок)))😁😁",5.0,Я.Маркет
2025-08-10,Ирина,женский,"Достоинства: Купила год назад, до сих пор пользуюсь. Но у меня посудомойка. Купила дозатор с пенообразователем. Наливаю половину средства, половина вода, хорошенько встряхиваю и дозатор с пеной хорошо работает. Без разведения при нажатии идет только жидкость а не пена.
Недостатки: Нет, возможно сушит кожу",5.0,Я.Маркет
2026-06-09,Спутник,мужской,"Достоинства: Хорошее средство для мытья посуды. Иногда дети моют посуду нет никаких раздражений на руках. Пользуюсь постоянно, спасибо за качественный товар!!!
Недостатки: нет!
Комментарий: Хороший, густой, без аллерген ный",5.0,Я.Маркет
2025-11-03,Инга,женский,"Достоинства: Большой объем, хорошо смывается, ненавязчивый запах
Недостатки: Отсутствуют или пока не обнаружены
Комментарий: Беру не первый раз, в этом «запахе» впервые. Большая канистра супер-удобна при условии, что вам есть где хранить. Мне нравится. Отливаю в маленькую бутылочку с дозатором. Пользуюсь п/м машиной, поэтому такой канистры хватает на ~2 года. Бренд вообще нравится! Буду ещё пользоваться.",5.0,Я.Маркет
2026-04-22,Ты,мужской,"Достоинства: За свою стоимость, работу выполняет на все 100%. Для повседневной мойки посуды просто отлично. С жиром немного сложнее, отмыть получилось только со второго раза и это достойный результат. Так как не разрекламированный фери. Если будет линейка помощнее, для жира (сковородок), обязательно попробую. Два вида моющего средства для разного типа посуды, можно использовать. Экономия в силах и средствах. Как тут многие пишут, сушит руки. Ну господа, читайте описание. Претензий к производителю почти нет. Но жир в холодной воде не растворяет 😉.",5.0,Я.Маркет
2026-01-04,Наталья,женский,"Достоинства: Прекрасно отмывает, нет такого чувства, что не возможно вымыть от пены.Смывается легко.Очень хорошо пахнет, сильно концетрирован.Достаточно одной капли, чтобы вымыть всю посуду.Я очень довольна, закажу еще.Спасибо производителям!",5.0,Я.Маркет
2025-12-18,Имя,женский,"Достоинства: качество,колличество и цена)))
Комментарий: доставка быстрая,упаковано хорошо))что касается самого продукта,то...беру не первый раз,приятный запах "" лета"")) ,гель густой,хорошо пенится,справляется даже в холодной воде)) ...главное хватает на долго😁",5.0,Я.Маркет
2025-09-22,Алла,женский,"Достоинства: Самый лучший,проверено
Недостатки: их нет и не было за 5 лет
Комментарий: Сначала,5 лет назад дочка подарила.И чудо!!!Отмывает отлично,не оставляет запаха моющего средства,как другие популярные и рекламированные средства.ЧЯ теперь пользуюсь только этим производителем.Рекомендую всем 👍👍👍",5.0,Я.Маркет
2025-09-11,Светлана,женский,"Комментарий: Много лет я мыла посуду ДижДропсом, который покупала в Амвэе. Сейчкс появились определенные сложности с приобретением товара в этой фирме. Долгое время я не находила аналогов ДижДропсу. А случайно напав на Synergetic, не поверила своим глазам!!! Это антибактериальное средство для мытья посуды оказалось достойной заменой ДижДропсу. Кто им пользовался, тот меня поймет. Разбавляю с водой в том же амвэевском флаконе, но даже в меньших пропорциях, чем ДижДропс, и ... РАБОТАЕТ!!! Рекомендую!!!",5.0,Я.Маркет
2025-06-26,Снежана,женский,"Достоинства: очень приятный, экономичный расход, минимум отдушки, хватает надолго, отлично смывается
Комментарий: нет ощущения будто с едой ешь еще и средство. беру как вспомогательное чистящее в компанию к посудомойке, для мытья по-мелочи. ну отлично пенится и смывается легко, такого объема хватит ""до пенсии"" 🫶🏻",5.0,Я.Маркет
2026-01-05,Анастасия,женский,"Достоинства: Отлично смывается. Не имеет резкого химического запаха
Недостатки: Не обнаружила за 4 года использования
Комментарий: Как появился ребенок начала покупать именно его, остальные средства для посуды будто не до конца смываются и остается запах на посуде.",5.0,Я.Маркет
2026-01-27,Имя,женский,"Достоинства: Объем, качество, аромат
Недостатки: Вроде нет, только цена если, с каждым разом всё дорожает
Комментарий: Данным брендом пользуюсь давно, гель посуды, и вся другая линейка отличного качества, аллергии нет со своими задачами справляется отлично",5.0,Я.Маркет
2026-04-25,Сергей,мужской,"Достоинства: Качество геля, хорошо справляется с загрязнением, хорошо пенится, маленький расход , приятный запах апельсина
Недостатки: Не обнаружил
Комментарий: Пришло за 1 день, хорошо упаковано, товар без дефектов и повреждений",5.0,Я.Маркет
2026-05-04,Наталья,женский,"Достоинства: Гель для мытья посуды беру уже не в первый раз. Мне нравится, что он без запаха, гипоаллергенный, хорошего смывается. Можно использовать для детской посуды и игрушек! Очень довольны!!!",5.0,Я.Маркет
2025-11-25,Анна,женский,"Достоинства: 1. Натуральный состав. 2. Приятный аромат. 3. Хорошо очищает овощи и фрукты. 4. Не сушит руки.
Недостатки: Меньшая пена.
Комментарий: Хотя это и гель для мытья посуды, он хорошо справляется с мытьем овощей и фруктов, но для посуды с сильными загрязнениями не подходит. Пенится меньше, чем привычные средства. Мне не понравилось, что упаковка без дозатора, это не всегда удобно.",5.0,Я.Маркет
2026-04-11,razor,неизвестно,"Достоинства: хорошо отмывает
Комментарий: на удивление хорошее средство, и расход небольшой. не хуже 5 литровых фейри, которые были раньше, именно раньше, сейчас даже сравнивать смысла нет - там мусор. спасибо, короче",5.0,Я.Маркет
2025-09-10,Глория,женский,"Достоинства: Смывает жир,чисто отмывает посуду
Недостатки: Хорошо было бы ,если эта линейка была еще и антибактериальной
Комментарий: Запах оригинальный,мне нравится. Вообще, горжусь что Синергетик является отечественной кампанией, настолько у нее качественная продукция, и,что для меня имеет большое значение,продукция с хорошим запахом. И,да, я знаю,что компоненты закупаются за рубежом. Но компания российская",5.0,Я.Маркет
2025-11-24,Имя,женский,"Достоинства: Хорошо пенится, приятный запах
Недостатки: Не нашла недостатков, все ок
Комментарий: Купила в январе 24 г, присоединили через трубочку и вывели краник-дозатор рядом с мойкой. Очень удобно и хватает на долго, до сих пор еще половину только использовали. Но это зависит от кол-ва посуды, у нас очень мало что моется руками, в основном посудомойка, поэтому и расход не большой.",5.0,Я.Маркет
2026-03-12,Имя,женский,"Достоинства: Отличное средство для мытья посуды
Недостатки: Не выявлено
Комментарий: Пользуюсь товарами линейки Synegretic несколько лет. Сначала покупала средства Synegretic для использования на даче (с целью не навредить бактериям в септике). С покупкой 5-литровой канистры перешла на использование геля в квартире. Густой, отлично моет. Рекомендую!",5.0,Я.Маркет
2026-04-08,Михаил,мужской,"Достоинства: Ну что тут сказать, Sinergetic всегда на высоком уровне долгие годы, пользуюсь и готов продолжать. Доставка своевременная, спасибо.
Недостатки: Нет претензий.
Комментарий: Берегите природу-пользуйтесь Sinergetic!!!",5.0,Я.Маркет
2026-03-27,Татьяна,женский,"Достоинства: Аромат. Посуду моет.
Недостатки: Не почувствовала смягчения особо из-за алоэ, может, дело в воде, сушит.
Комментарий: Не плохое средство для мытья посуды. На счёт смягчения рук не знаю, лучше потом кремом помазать их.",5.0,Я.Маркет
2026-02-05,Татьяна,женский,"Достоинства: Товары Synergetic гели для стирки белья, для мытья посуды, для душа, шампуни беру постоянно. Отличное качество, приятный, ненавязчивый аромат, а гель для мытья посуды Алоэ вера ,что весьма немаловажно вообще не имеет запах. Очень довольна, рекомендую для покупок
Недостатки: Пока не заметила
Комментарий: Пользуюсь линией Sinergetic уже не один год",5.0,Я.Маркет
2025-12-06,Имя,женский,"Достоинства: Заказ привезли полностью обернутым в пленку несколько слоев , заказала специально 5 литров , так как дешевле и надолго хватит , выгода получилась отличная , Промокод и скидка сделали свое дело , если посчитать то в магазине купить 0,5 и 1 литр будет дорого , а здесь колоссальная выгода . Так что рекомендую к покупке на сто %
Комментарий: Рекомендую 💯 %",5.0,Я.Маркет
2026-01-20,Фил,мужской,"Достоинства: Аромат ненавязчивый совсем. Нежное средство для рук. С жиром справляется на отлично
Недостатки: Недостатков не обнаружил
Комментарий: Большая упаковка. Хватает на долгое время. Можно доливать в ёмкость поменьше для удобства использования",5.0,Я.Маркет
2025-09-11,Mar5000,неизвестно,"Достоинства: это мой любимый бренд, купила по акции
Недостатки: цена растёт неоправданно, хорошо, что существуют акции
Комментарий: ещё не пользовались гелем именно из этой покупки, т. к. предыдущего за 8 месяцев ушло пока 1/2 канистры 5л; пользуемся активно, моем руки порой и брали на дачу",5.0,Я.Маркет
2025-12-21,Элен.,неизвестно,"Достоинства: Очень хороший гель для мытья посуды с приятным запахом.
Недостатки: Для меня нет таких .Давно пользуюсь этими средствами .
Комментарий: Приятный аромат ,мыть посуду одно удовольствие ,не сушит кожу рук ! Отличное качество ,как всегда ! Спасибо ❤️",5.0,Я.Маркет
2026-06-19,Максим,мужской,"Достоинства: густой, хорошо пенится, легко смывает жир с посуды и рук, мягкий запах апельсина
Недостатки: не выявил
Комментарий: рекомендую, буду дальше использовать. отличное средство для мытья посуды",5.0,Я.Маркет
2026-05-07,Оксана,женский,"Комментарий: С фирмой Synergetic знакома давно,этим гелем начала пользоваться с рождения ребёнка, меня он полностью устраивает!Бутылочки хорошо отмывает не только после смеси,но и каши, мыльной пены оптимальное количество, вымывается быстро,не имеет запаха, что очень радует, для меня это лучший гель для детской посуды,сосок и бутылочек,покупаю только его!Цена за 0,5 бывает кусается и доходит до 180₽,но в период акции закупаюсь по 140₽.1 бутылочки хватает на 1 месяц-1,5 месяца,густой,но смотря как пользоваться, буду покупать ещё!",5.0,Я.Маркет
2026-05-02,Галина,женский,"Достоинства: Аромат не навязчивый ,приятный запах ,не резкий
Недостатки: нет
Комментарий: Гель хороший ,густой ,пенится отлично ,разводов на посуде не оставляет, запах не резкий ,использую для мытья детской посуды.",5.0,Я.Маркет
2026-03-15,Владимир,мужской,"Достоинства: Цена, упаковка, товар и экономия
Недостатки: Недостатков не выявил при эксплуатации, всё отмывается приятным запахом
Комментарий: Хорошее средство для посуды, запах приятный ,плюс ещё экономия средство....рекомендую",5.0,Я.Маркет
2026-01-26,Альберт,мужской,"Достоинства: Берем уже не в первый раз. Замечательное моющее средство, без посторонних химозных запахов. С рождением ребенка перешли всей семьей на это средство. В канистре получается довольно выгодно. Рекомендуем!
Недостатки: Не выявлены, всё устраивает.
Комментарий: Спасибо продавцу! Упаковка всегда целая без повреждений. Завернуто щедро в стрейтч пленку.",5.0,Я.Маркет
2025-09-07,Римма,женский,"Достоинства: Лучший!!
Недостатки: Нет
Комментарий: Пользуюсь этим гелем ,лет 8 и ни разу не пожалела!!Пена смывается легко,после не оставляет ни каких запахов!Мою детскую посуду,игрушки,фрукты!!Вообщем и на самом деле универсальный гель!!Спасибо фирме Сенергетик, за такой хороший товар!!",5.0,Я.Маркет
2026-06-19,Роза,женский,"Достоинства: Берём не в первый раз,все очень нравится.
Недостатки: Очень быстро заканчивается, а если серьёзно их просто нет.
Комментарий: Рекомендую продавца. Гель просто супер, достаточно капли все прекрасно отмывает. В этот раз взяли по больше объём. Надеемся на долго хватит.А какой приятный запах. Все супер.",5.0,Я.Маркет
2026-06-19,Ильдар,мужской,"Доставка согласно заявленного, пломба не вскрыта, конистра не битая, запах идеален, советую, да и цена привлекательна.",5.0,Ozon
2026-06-18,Александр,мужской,норм берём не первый раз,5.0,Ozon
2026-06-17,Денис,мужской,"Отличное средство для мытья посуды, хорошо отмывает, приятно пахнет, со своими функциями справляется полностью. Пятилитровой канистры хватает надолго, плюс не переплачивать за дополнительную тару, покупаю в таком формате этого производителя уже не в первый раз - всегда всë хорошо",5.0,Ozon
2026-06-16,Любовь,женский,Супер.,5.0,Ozon
2026-06-16,Бусыгина,женский,Пришел во время. Густое средство,5.0,Ozon
2026-06-16,Александр,мужской,все отлично,5.0,Ozon
2026-06-16,Оксана,женский,Отлично моет и пенится,5.0,Ozon
2026-06-15,Марина,женский,"гель густой,запах приятный,отмывает хорошо 👍",5.0,Ozon
2026-06-15,Ангелина,женский,Хороший аромат!,5.0,Ozon
2026-06-13,Игорь,мужской,беру второй раз посуду отмывает чисто,5.0,Ozon
2026-06-11,Галия,женский,Очень понравился гель,5.0,Ozon
2026-06-11,Денис,мужской,отличное средство для мытья посуды,5.0,Ozon
2026-06-10,Светлана,женский,"Беру не первый раз, очень нравится",5.0,Ozon
2026-06-09,pokupatel,неизвестно,"пришёл товар в идеальном состоянии, но чтобы крышку открыть пришлось применить мужскую силу",5.0,Ozon
2026-06-09,Имя,женский,Хороший объем за хорошие деньги.,5.0,Ozon
2026-06-09,Руслан,мужской,"хорошее средство для мытья посуды, практически без запаха, много",5.0,Ozon
2026-06-07,Имя,женский,"не в первый раз беру, удобно, нравится. все целое . спасибо",5.0,Ozon
2026-06-05,Елена,женский,"Давно перешла на гель для стирки. Удобно, а самое главное нет крошек от порошка. Покупаю в основном с пятновыводителем.",5.0,Ozon
2026-06-02,Андрей,мужской,"Пришло быстро, по качеству продукта нареканий нет.",5.0,Ozon
2026-06-01,Роман,мужской,"Отмывает неплохо, пахнет тоже хорошо.",5.0,Ozon
2026-06-01,Имя,женский,отличный,5.0,Ozon
2026-05-31,Марина,женский,Пользуюсь уже три года только этим моющим средством. В планах нет изменять этой марке! Всё устраивает.,5.0,Ozon
2026-05-31,Нина,женский,все ок,5.0,Ozon
2026-05-30,Анна,женский,"средство хорошее, запах спокойные",5.0,Ozon
2026-05-27,Любовь,женский,"вроде все нормально, но смутила крышка,которая открылась вместе с кольцом. мембрана защитная на месте, консистенция тоже вроде нормальная. запах приятный. что с ценами стало??? растут как на матёрых дрожжах, эффект как знаете,если дети в школьном туалете дрожжи набросают в унитазы, так же и ваши цены.....",5.0,Ozon
2026-05-27,Михаил,мужской,отличное средство3,5.0,Ozon
2026-05-27,Лиана,женский,"Хороший гель, приятно пахнет, хорошо смывается",5.0,Ozon
2026-05-27,Наталья,женский,рекомендую к покупке,5.0,Ozon
2026-05-26,Наталья,женский,Синергетик лучший,5.0,Ozon
2026-05-26,Лариса,женский,"Беру не первый раз, единственное моющее средство, выполняет свою функцию на 5. Рекомендую.",5.0,Ozon
2026-05-26,Любовь,женский,"средство пришло во время,без задержек. беру уже не первый раз.средство очень зорошее",5.0,Ozon
2026-05-26,Николай,мужской,Отличный гель. Не первый раз берем,5.0,Ozon
2026-05-26,Ольга,женский,"Очень хорошее средство, пенится отлично и доставка быстрая надолго хватит",5.0,Ozon
2026-05-25,Татьяна,женский,хорошо,5.0,Ozon
2026-05-24,Елена,женский,привезли без коробки.,5.0,Ozon
2026-05-24,Анна,женский,"Общее впечатление замечательное.Товар пришёл быстро,канистра целая,качество товара хорошее.",5.0,Ozon
